"SnapshotId","Active","Address","AuditType","ConnectionSystem","ConnectionType","DataStatus","EndDate","EndpointId","EndpointTemplate","HealthcareServiceId","LastUpdated","ManagingOrganisationId","Name","ProductId","ServiceId","StartDate","TemplateId","TimeOfChange"
"0b4d03bd-54e5-4366-8e3a-7be7e02abb39","true","addressHere","ALL","https://hl7.org/fhir/ValueSet/endpoint-connection-type","BARS","0","","b0a9b342-0225-43e7-86bb-c5b6aa08f473","","9907a106-9b16-448c-bd2b-c1c7788b38cc","2025-07-24T13:14:45.670Z","7adf4fb8-da26-4e3e-b68e-3daecb61e7c5","Pharmoutcomes","ygm06","2000141617","2025-07-24T13:14:45.670Z","37a27880-85d7-4a68-8750-a21c0369cf5c","2026-02-06T16:18:16.272Z"
"6e72f7d3-06a1-40c6-a31b-b6c39218f571","true","addressHere","ALL","https://hl7.org/fhir/ValueSet/endpoint-connection-type","BARS","0","","b43a0194-17c7-407a-a3d5-210f84c69042","","9fe069e5-26cc-487e-b197-967d2fd34e9d","2025-07-24T13:14:45.661Z","7adf4fb8-da26-4e3e-b68e-3daecb61e7c5","Pharmoutcomes","ygm06","2000026273","2025-07-24T13:14:45.661Z","37a27880-85d7-4a68-8750-a21c0369cf5c","2026-06-01T15:51:10.922Z"
"de2ada2c-726e-43f1-ad88-81a3a2c7ffb5","true","addressHere","ALL","https://hl7.org/fhir/ValueSet/endpoint-connection-type","BARS","0","","7ace3aa1-f5d8-4d2b-93c8-212622359bf1","","5cc55c5e-2924-45f9-ac23-bcff6b9117b0","2025-07-24T13:14:45.669Z","7adf4fb8-da26-4e3e-b68e-3daecb61e7c5","Pharmoutcomes","ygm06","2000140497","2025-07-24T13:14:45.669Z","37a27880-85d7-4a68-8750-a21c0369cf5c","2026-01-06T16:26:22.153Z"
"98a2f057-83e9-4435-9f05-89f4fb345f27","true","addressHere","ALL","https://hl7.org/fhir/ValueSet/endpoint-connection-type","BARS","0","","372e85da-b1ba-4500-80ba-ccfa1a19e5ab","","1bbaef29-9a11-4328-9e40-3fb3e6b70587","2025-07-24T13:14:45.661Z","7adf4fb8-da26-4e3e-b68e-3daecb61e7c5","Pharmoutcomes","ygm06","2000027003","2025-07-24T13:14:45.661Z","37a27880-85d7-4a68-8750-a21c0369cf5c","2026-06-01T15:18:20.006Z"
"bd9d7499-0608-4dfe-a505-1ef511830a4c","true","addressHere","ALL","https://hl7.org/fhir/ValueSet/endpoint-connection-type","BARS","0","","d81ae86f-41b5-49e7-ac40-65b127b26745","","1dd47810-07db-4d0d-a45a-c2bbb51ece15","2025-07-24T13:14:45.666Z","7adf4fb8-da26-4e3e-b68e-3daecb61e7c5","Pharmoutcomes","ygm06","2000116548","2025-07-24T13:14:45.666Z","37a27880-85d7-4a68-8750-a21c0369cf5c","2025-10-30T16:12:46.968Z"
"5666113f-4b84-4e8c-ab78-bb15e4f28f15","true","addressHere","ALL","https://hl7.org/fhir/ValueSet/endpoint-connection-type","BARS","0","","ee6a6066-e2d0-49f6-a5b1-8661c87b1755","","c9227460-8788-4b44-b769-016e6daf5927","2025-07-24T13:14:45.658Z","2af3b6ed-c929-4b5d-be4b-1dab43c4c514","Sonar","8hk48","2000022122","2025-07-24T13:14:45.658Z","0da0ee94-a20e-4b31-994b-72119d099ad0","2026-01-30T16:09:12.440Z"
"d5c22b00-c462-49de-8534-91f3ed2619c3","true","addressHere","ALL","https://hl7.org/fhir/ValueSet/endpoint-connection-type","BARS","0","","bb4bf3a6-d9ba-40c1-937c-6a67da97c8c3","","015368d4-2201-4739-a411-dd522f4db7d2","2025-07-24T13:14:45.662Z","7adf4fb8-da26-4e3e-b68e-3daecb61e7c5","Pharmoutcomes","ygm06","2000028779","2025-07-24T13:14:45.662Z","37a27880-85d7-4a68-8750-a21c0369cf5c","2026-03-23T16:06:58.522Z"
"15f6d0cd-938b-4b09-81ec-8c45c13b862e","true","addressHere","ALL","https://hl7.org/fhir/ValueSet/endpoint-connection-type","BARS","0","","52f98ae9-0183-4076-99cb-ae6617ebbe7c","","730040db-e207-4577-afbb-7393fac25ad1","2025-07-24T13:14:45.671Z","7adf4fb8-da26-4e3e-b68e-3daecb61e7c5","Pharmoutcomes","ygm06","2000025185","2025-07-24T13:14:45.671Z","37a27880-85d7-4a68-8750-a21c0369cf5c","2025-11-07T16:15:11.208Z"
"0787f8c5-21de-4937-9553-15fe5c8dd4b7","true","addressHere","ALL","https://hl7.org/fhir/ValueSet/endpoint-connection-type","BARS","0","","91e9cbb2-d229-4b7c-ac06-11f8f4a19e8a","","db623936-bcff-41d4-bc08-765ebece9df8","2025-07-24T13:14:45.658Z","2af3b6ed-c929-4b5d-be4b-1dab43c4c514","Sonar","8hk48","2000105052","2025-07-24T13:14:45.658Z","0da0ee94-a20e-4b31-994b-72119d099ad0","2025-08-29T15:19:17.854Z"
"68d3a0e4-d23f-4ab6-bc28-42f3d25ad22f","true","addressHere","ALL","https://hl7.org/fhir/ValueSet/endpoint-connection-type","BARS","0","","81618f33-1d01-4a0d-98f3-2630d41e908f","","eda352db-5fad-4c42-a6af-5627572cf810","2025-07-24T13:14:45.678Z","7adf4fb8-da26-4e3e-b68e-3daecb61e7c5","Pharmoutcomes","ygm06","2000037003","2025-07-24T13:14:45.678Z","37a27880-85d7-4a68-8750-a21c0369cf5c","2025-10-13T12:40:14.057Z"
"0200fd7b-fde0-458b-9439-bb96a09fc6da","true","addressHere","ALL","https://hl7.org/fhir/ValueSet/endpoint-connection-type","BARS","0","","a3521267-79ff-447f-b888-8a877d813e3a","","a537039c-eb4a-48c1-8da2-b7e6812231bd","2025-10-03T15:15:16.540Z","7adf4fb8-da26-4e3e-b68e-3daecb61e7c5","Pharmoutcomes","ygm06","2000164409","2025-10-03T15:15:12.401Z","37a27880-85d7-4a68-8750-a21c0369cf5c","2025-10-30T16:12:54.106Z"
"cd0dd0d5-6b8e-4b62-939d-0e0b1347da0f","true","addressHere","ALL","https://hl7.org/fhir/ValueSet/endpoint-connection-type","BARS","0","","364cd334-3e14-4af9-864b-c6058a7a5a9f","","ca5ea702-95d9-48cc-8c80-f02a441fb36c","2025-07-24T13:14:45.681Z","7adf4fb8-da26-4e3e-b68e-3daecb61e7c5","Pharmoutcomes","ygm06","2000160326","2025-07-24T13:14:45.681Z","37a27880-85d7-4a68-8750-a21c0369cf5c","2025-12-05T16:11:23.537Z"
"81bf624f-13e5-4e43-8753-6b2cd1d3711a","true","https://bars-prod-ygm04.cegedim.thirdparty.nhs.uk/FHIR/R4/","ALL","https://hl7.org/fhir/ValueSet/endpoint-connection-type","BARS","0","","37d0c066-d790-4a5a-95cc-cf63cdaf8955","{""ManagingOrganisationId"":{""S"":""2f594ac5-6bc8-4241-af41-ae0f92b88949""},""SearchField"":{""S"":""cegedim https://bars-prod-ygm04.cegedim.thirdparty.nhs.uk/fhir/r4/  26a1070e-c4d3-4ad3-887d-e63635497bd5 ygm04 ""},""Address"":{""S"":""https://bars-prod-ygm04.cegedim.thirdparty.nhs.uk/FHIR/R4/""},""ConnectionType"":{""S"":""BARS""},""ConnectionSystem"":{""S"":""https://hl7.org/fhir/ValueSet/endpoint-connection-type""},""ProductId"":{""S"":""ygm04""},""LastUpdated"":{""S"":""2025-07-24T13:07:11.923Z""},""DataStatus"":{""N"":""0""},""DerivedEndpoints"":{""L"":[]},""IsPrivate"":{""BOOL"":false},""TemplateId"":{""S"":""26a1070e-c4d3-4ad3-887d-e63635497bd5""},""Name"":{""S"":""Cegedim""}}","cf5c774e-db5b-436e-b05e-e1287357ccd4","2026-01-06T16:26:28.633Z","2f594ac5-6bc8-4241-af41-ae0f92b88949","Cegedim","ygm04","2000137550","2026-01-06T16:26:27.453Z","26a1070e-c4d3-4ad3-887d-e63635497bd5","2026-04-22T15:39:18.577Z"
"33f799bb-323b-4535-b369-0f9dbb0728c8","true","addressHere","ALL","https://hl7.org/fhir/ValueSet/endpoint-connection-type","BARS","0","","29e4e8ed-50dd-439c-b70e-0f23daf533e8","","9ff6ab74-32fc-431d-ad25-ea52fb325418","2025-07-24T13:14:45.666Z","7adf4fb8-da26-4e3e-b68e-3daecb61e7c5","Pharmoutcomes","ygm06","2000036717","2025-07-24T13:14:45.666Z","37a27880-85d7-4a68-8750-a21c0369cf5c","2026-01-30T16:09:05.589Z"
"d5d6264d-4931-474b-9815-5aef7f8a773b","true","addressHere","ALL","https://hl7.org/fhir/ValueSet/endpoint-connection-type","BARS","0","","dc8d9717-5968-47ea-9008-0c212b8fed0c","","117db769-14e4-48dd-8113-affcd8c3d16d","2025-07-24T13:14:45.671Z","7adf4fb8-da26-4e3e-b68e-3daecb61e7c5","Pharmoutcomes","ygm06","2000155252","2025-07-24T13:14:45.671Z","37a27880-85d7-4a68-8750-a21c0369cf5c","2026-01-05T16:23:17.544Z"
"71127675-aeb8-448f-808d-78100de0bc48","true","addressHere","ALL","https://hl7.org/fhir/ValueSet/endpoint-connection-type","BARS","0","","8777f3fc-d052-43f7-9b40-f0fd7a38c257","","7947dc57-2da7-42db-93dd-00db572a6871","2025-07-24T13:14:45.672Z","7adf4fb8-da26-4e3e-b68e-3daecb61e7c5","Pharmoutcomes","ygm06","2000023040","2025-07-24T13:14:45.672Z","37a27880-85d7-4a68-8750-a21c0369cf5c","2025-12-03T16:10:25.773Z"
"9dd9b33c-4e86-44a8-bb78-6325ea0776e9","true","addressHere","ALL","https://hl7.org/fhir/ValueSet/endpoint-connection-type","BARS","0","","c3d6856c-aa61-440e-a919-d050ef397723","","a427c12e-3582-496d-802d-f6b6bce63f24","2026-06-22T16:22:44.373Z","006a5fed-30c1-42db-9256-aa033e39692c","""NHS East Lancashire CCG - 01A ""","AC0","1505296596","2026-06-22T16:22:38.238Z","8de4e7a4-9aa8-4127-9a40-cd7389431311","2026-06-22T16:32:43.965Z"
"6fd1c4d6-6dbc-4e57-8e7e-b45ecd2a997d","true","addressHere","ALL","https://hl7.org/fhir/ValueSet/endpoint-connection-type","BARS","0","","dfa15189-4277-46fb-8fcf-0a9430b4f2db","","5b5a8cc7-7bc8-4ac6-ab03-61ae99fb6bb6","2025-07-24T13:14:45.678Z","7adf4fb8-da26-4e3e-b68e-3daecb61e7c5","Pharmoutcomes","ygm06","2000112927","2025-07-24T13:14:45.678Z","37a27880-85d7-4a68-8750-a21c0369cf5c","2025-10-13T12:43:58.198Z"
"7427d2d1-81b7-4089-a939-65e8457aa77e","true","addressHere","ALL","https://hl7.org/fhir/ValueSet/endpoint-connection-type","BARS","0","","f388abce-7a64-45ef-8423-68abc10a0b15","","548be954-c2eb-43f2-b10d-293854558f57","2025-07-24T13:14:45.668Z","7adf4fb8-da26-4e3e-b68e-3daecb61e7c5","Pharmoutcomes","ygm06","2000109912","2025-07-24T13:14:45.668Z","37a27880-85d7-4a68-8750-a21c0369cf5c","2026-01-06T16:29:12.599Z"
"99e593e1-172c-4ef7-9c45-5964371832a1","true","to-delete","ALL","https://hl7.org/fhir/ValueSet/endpoint-connection-type","BARS","0","","fbf97544-64de-4f4d-8f4c-f6159be3f0b0","","445b04ba-b81b-4a90-ae95-8e4a4c95e3c4","2026-06-22T16:32:43.979Z","006a5fed-30c1-42db-9256-aa033e39692c","to-delete","to-delete","2000076364","2026-06-22T16:22:38.238Z","4bd91c04-3dbc-42ba-89f2-8755af5dd272","2026-06-22T16:47:49.899Z"
"8bd95fee-b9e7-40fb-97e4-5dc152154c21","true","https://bars-prod-ygm04.cegedim.thirdparty.nhs.uk/FHIR/R4/","ALL","https://hl7.org/fhir/ValueSet/endpoint-connection-type","BARS","0","","e347759a-5ab1-4796-b299-644955dcd0a8","{""ManagingOrganisationId"":{""S"":""2f594ac5-6bc8-4241-af41-ae0f92b88949""},""SearchField"":{""S"":""cegedim https://bars-prod-ygm04.cegedim.thirdparty.nhs.uk/fhir/r4/  26a1070e-c4d3-4ad3-887d-e63635497bd5 ygm04 ""},""Address"":{""S"":""https://bars-prod-ygm04.cegedim.thirdparty.nhs.uk/FHIR/R4/""},""ConnectionType"":{""S"":""BARS""},""ConnectionSystem"":{""S"":""https://hl7.org/fhir/ValueSet/endpoint-connection-type""},""ProductId"":{""S"":""ygm04""},""LastUpdated"":{""S"":""2025-07-24T13:07:11.923Z""},""DataStatus"":{""N"":""0""},""DerivedEndpoints"":{""L"":[]},""IsPrivate"":{""BOOL"":false},""TemplateId"":{""S"":""26a1070e-c4d3-4ad3-887d-e63635497bd5""},""Name"":{""S"":""Cegedim""}}","6f123a72-2c8b-4f82-b76b-c2ae9760e019","2026-01-21T16:14:53.713Z","2f594ac5-6bc8-4241-af41-ae0f92b88949","Cegedim","ygm04","2000024026","2026-01-21T16:14:52.338Z","26a1070e-c4d3-4ad3-887d-e63635497bd5","2026-02-27T16:13:17.302Z"
"43ac779d-2ac3-4cf7-a7d2-5711d4b7bd04","true","addressHere","ALL","https://hl7.org/fhir/ValueSet/endpoint-connection-type","BARS","0","","a6f7f75b-580a-4782-9b4d-e7b30fbb37ef","","279890ab-c443-4b3f-b28f-cf02f5f4c1d0","2025-07-24T13:14:45.674Z","7adf4fb8-da26-4e3e-b68e-3daecb61e7c5","Pharmoutcomes","ygm06","2000140682","2025-07-24T13:14:45.674Z","37a27880-85d7-4a68-8750-a21c0369cf5c","2026-02-03T16:01:20.239Z"
"115a3fed-f5a0-45ca-86e0-1de60b92197a","true","addressHere","ALL","https://hl7.org/fhir/ValueSet/endpoint-connection-type","BARS","0","","a39dceac-cf66-4f45-8f68-94336d555658","","6639e05c-88a0-4246-9f88-2aec23d6946c","2025-07-24T13:14:45.661Z","7adf4fb8-da26-4e3e-b68e-3daecb61e7c5","Pharmoutcomes","ygm06","2000034621","2025-07-24T13:14:45.661Z","37a27880-85d7-4a68-8750-a21c0369cf5c","2026-06-01T15:52:45.987Z"
"e17448d4-a5ca-4fd9-a3e2-f6baf1666c14","true","addressHere","ALL","https://hl7.org/fhir/ValueSet/endpoint-connection-type","BARS","0","","d8a388ac-d8cb-4061-81e2-8d5d7b156e23","","80ff94cf-e8de-4f5f-a235-ffc495aee7ca","2025-07-24T13:14:45.670Z","7adf4fb8-da26-4e3e-b68e-3daecb61e7c5","Pharmoutcomes","ygm06","2000037426","2025-07-24T13:14:45.670Z","37a27880-85d7-4a68-8750-a21c0369cf5c","2025-11-27T16:16:48.447Z"
"100cc33f-d9a7-4795-bbf6-6c9904ca9d76","true","addressHere","ALL","https://hl7.org/fhir/ValueSet/endpoint-connection-type","BARS","0","","091107a7-bcb4-431b-89ee-2a4a76ed6364","","5763509d-f75e-4ade-aed5-5031c5ecdc28","2025-07-24T13:14:45.667Z","7adf4fb8-da26-4e3e-b68e-3daecb61e7c5","Pharmoutcomes","ygm06","2000032732","2025-07-24T13:14:45.667Z","37a27880-85d7-4a68-8750-a21c0369cf5c","2025-09-29T15:17:50.698Z"
"f3ff3e80-4c67-4686-bb22-b00d4089c88e","true","addressHere","ALL","https://hl7.org/fhir/ValueSet/endpoint-connection-type","BARS","0","","7eaf4cf8-60de-41cc-aeef-53ed2d5057aa","","fb5d02d9-842a-4cae-b3a3-6a300d292465","2025-07-24T13:14:45.661Z","7adf4fb8-da26-4e3e-b68e-3daecb61e7c5","Pharmoutcomes","ygm06","2000032731","2025-07-24T13:14:45.661Z","37a27880-85d7-4a68-8750-a21c0369cf5c","2025-09-26T15:02:18.096Z"
"c504c9db-368d-4e6c-937a-c364b0e03b66","true","addressHere","ALL","https://hl7.org/fhir/ValueSet/endpoint-connection-type","BARS","0","","2b0aed60-9299-48ad-a9d6-9a505d4a7576","","973e1dca-8442-40c2-aacd-1c9e5b661f52","2025-07-24T13:14:45.665Z","7adf4fb8-da26-4e3e-b68e-3daecb61e7c5","Pharmoutcomes","ygm06","2000140618","2025-07-24T13:14:45.665Z","37a27880-85d7-4a68-8750-a21c0369cf5c","2026-01-06T16:29:07.930Z"
"e705e416-95e6-419a-b0e0-4faba1e75206","true","https://bars-prod-ygm04.cegedim.thirdparty.nhs.uk/FHIR/R4/","ALL","https://hl7.org/fhir/ValueSet/endpoint-connection-type","BARS","0","","a97e8d82-cf89-4d86-b0a7-3b3a0b93e428","{""ManagingOrganisationId"":{""S"":""2f594ac5-6bc8-4241-af41-ae0f92b88949""},""SearchField"":{""S"":""cegedim https://bars-prod-ygm04.cegedim.thirdparty.nhs.uk/fhir/r4/  26a1070e-c4d3-4ad3-887d-e63635497bd5 ygm04 ""},""Address"":{""S"":""https://bars-prod-ygm04.cegedim.thirdparty.nhs.uk/FHIR/R4/""},""ConnectionType"":{""S"":""BARS""},""ConnectionSystem"":{""S"":""https://hl7.org/fhir/ValueSet/endpoint-connection-type""},""ProductId"":{""S"":""ygm04""},""LastUpdated"":{""S"":""2025-07-24T13:07:11.923Z""},""DataStatus"":{""N"":""0""},""DerivedEndpoints"":{""L"":[]},""IsPrivate"":{""BOOL"":false},""TemplateId"":{""S"":""26a1070e-c4d3-4ad3-887d-e63635497bd5""},""Name"":{""S"":""Cegedim""}}","dd561d35-2ddd-4ec1-8d4b-d0227600e9b8","2025-10-29T16:40:55.882Z","2f594ac5-6bc8-4241-af41-ae0f92b88949","Cegedim","ygm04","2000110923","2025-10-29T16:40:54.400Z","26a1070e-c4d3-4ad3-887d-e63635497bd5","2025-10-31T16:17:54.150Z"
"c487579d-f1b1-4d11-914e-3f352aa3425a","true","https://bars-prod-8hk48.sonar.thirdparty.nhs.uk","ALL","https://hl7.org/fhir/ValueSet/endpoint-connection-type","BARS","0","2026-01-21T16:14:50.678Z","1f365223-e8eb-48a2-b6d6-4b8a20d48399","","1084d085-ce52-47ba-942a-ced78377ca2e","2026-01-21T16:14:51.373Z","2af3b6ed-c929-4b5d-be4b-1dab43c4c514","Sonar","8hk48","2000067845","2025-07-24T13:14:45.658Z","0da0ee94-a20e-4b31-994b-72119d099ad0","2026-03-27T16:04:41.072Z"
"e08f7254-3fe3-48d4-a6fd-fb1e395d9919","true","addressHere","ALL","https://hl7.org/fhir/ValueSet/endpoint-connection-type","BARS","0","","f29f443b-69b8-4e46-9032-8fddf771dfe8","","67f84c69-1f8c-4b83-87cb-3f0d0bf7da0b","2025-07-24T13:14:45.678Z","7adf4fb8-da26-4e3e-b68e-3daecb61e7c5","Pharmoutcomes","ygm06","2000025558","2025-07-24T13:14:45.678Z","37a27880-85d7-4a68-8750-a21c0369cf5c","2025-12-05T16:11:49.781Z"
"dd363805-0a83-40e9-9442-45aa002d4243","true","addressHere","ALL","https://hl7.org/fhir/ValueSet/endpoint-connection-type","BARS","0","","fdf8ed0d-2f33-4ecc-aa56-19bb20692f2a","","4c8a84bc-3734-4c98-a812-8379e793530c","2025-07-24T13:14:45.678Z","7adf4fb8-da26-4e3e-b68e-3daecb61e7c5","Pharmoutcomes","ygm06","2000032091","2025-07-24T13:14:45.678Z","37a27880-85d7-4a68-8750-a21c0369cf5c","2026-02-06T16:16:05.250Z"
"b10e2296-b462-4558-8571-faa18a9c51fa","true","addressHere","ALL","https://hl7.org/fhir/ValueSet/endpoint-connection-type","BARS","0","","04344fee-8946-43ac-a5f4-9e8491dcdcc5","","973bcca2-f965-428e-ab4a-b0c861e6f05a","2025-07-24T13:14:45.670Z","7adf4fb8-da26-4e3e-b68e-3daecb61e7c5","Pharmoutcomes","ygm06","2000032194","2025-07-24T13:14:45.670Z","37a27880-85d7-4a68-8750-a21c0369cf5c","2025-12-01T16:16:45.506Z"
"a6babcc8-f7b8-40f8-aea5-53819c33f1db","true","https://bars-prod-ygm04.cegedim.thirdparty.nhs.uk/FHIR/R4/","ALL","https://hl7.org/fhir/ValueSet/endpoint-connection-type","BARS","0","","1da25434-e275-40dc-a5c5-384eb98c387c","{""ConnectionSystem"":{""S"":""https://hl7.org/fhir/ValueSet/endpoint-connection-type""},""LastUpdated"":{""S"":""2025-07-24T13:07:11.923Z""},""TemplateId"":{""S"":""26a1070e-c4d3-4ad3-887d-e63635497bd5""},""DataStatus"":{""N"":""0""},""SearchField"":{""S"":""cegedim https://bars-prod-ygm04.cegedim.thirdparty.nhs.uk/fhir/r4/  26a1070e-c4d3-4ad3-887d-e63635497bd5 ygm04 ""},""DerivedEndpoints"":{""L"":[]},""IsPrivate"":{""BOOL"":false},""Address"":{""S"":""https://bars-prod-ygm04.cegedim.thirdparty.nhs.uk/FHIR/R4/""},""Name"":{""S"":""Cegedim""},""ConnectionType"":{""S"":""BARS""},""ManagingOrganisationId"":{""S"":""2f594ac5-6bc8-4241-af41-ae0f92b88949""},""ProductId"":{""S"":""ygm04""}}","fd038efb-3dd7-4772-bb56-715edd27f74b","2026-06-01T15:15:39.248Z","2f594ac5-6bc8-4241-af41-ae0f92b88949","Cegedim","ygm04","2000141776","2026-06-01T15:15:37.940Z","26a1070e-c4d3-4ad3-887d-e63635497bd5","2026-07-03T15:11:15.481Z"
"2b989736-2f9a-4830-badb-6857fa69bba2","true","addressHere","ALL","https://hl7.org/fhir/ValueSet/endpoint-connection-type","BARS","0","","942546a9-fbec-4a3b-b568-9d9d8ed580ef","","b3830937-10f5-4741-8388-e88c5ea6db67","2025-07-24T13:14:45.681Z","7adf4fb8-da26-4e3e-b68e-3daecb61e7c5","Pharmoutcomes","ygm06","2000163329","2025-07-24T13:14:45.681Z","37a27880-85d7-4a68-8750-a21c0369cf5c","2025-11-06T10:59:13.900Z"
"b13d1df9-22b0-43e5-96f9-4c4e81ef98a5","true","addressHere","ALL","https://hl7.org/fhir/ValueSet/endpoint-connection-type","BARS","0","","de5d9220-01f5-4545-953e-aa4db16e1ccd","","2c90ab7b-1945-457f-b01e-6be3d6f7f80a","2025-07-24T13:14:45.661Z","7adf4fb8-da26-4e3e-b68e-3daecb61e7c5","Pharmoutcomes","ygm06","2000020764","2025-07-24T13:14:45.661Z","37a27880-85d7-4a68-8750-a21c0369cf5c","2026-06-01T15:52:44.419Z"
"be6c811c-d58a-453f-9d68-8b31b94e98d1","true","addressHere","ALL","https://hl7.org/fhir/ValueSet/endpoint-connection-type","BARS","0","","4a299bc7-0548-49b5-8b02-7d793d6ef4c8","","97728b0f-3d27-4ed1-8543-5787ae11e52c","2025-07-24T13:14:45.674Z","7adf4fb8-da26-4e3e-b68e-3daecb61e7c5","Pharmoutcomes","ygm06","2000032656","2025-07-24T13:14:45.674Z","37a27880-85d7-4a68-8750-a21c0369cf5c","2025-10-10T15:02:48.825Z"
"acaee9d8-3276-457c-b5d4-de7284365a89","true","addressHere","ALL","https://hl7.org/fhir/ValueSet/endpoint-connection-type","BARS","0","","d4e954c0-ac5f-4fa6-a185-696658bd9a69","","8497e3f3-7123-4036-a3c9-fb7213c86d63","2025-07-24T13:14:45.668Z","7adf4fb8-da26-4e3e-b68e-3daecb61e7c5","Pharmoutcomes","ygm06","2000024222","2025-07-24T13:14:45.668Z","37a27880-85d7-4a68-8750-a21c0369cf5c","2026-06-04T15:03:12.260Z"
"361b6093-7cce-4866-9173-afd1abc3767e","true","addressHere","ALL","https://hl7.org/fhir/ValueSet/endpoint-connection-type","BARS","0","","d5ab09f2-aa71-4385-83d9-2d067df4e5b3","","3f32fa28-234f-481d-8bce-372a8ef4840c","2025-07-24T13:14:45.662Z","7adf4fb8-da26-4e3e-b68e-3daecb61e7c5","Pharmoutcomes","ygm06","2000153493","2025-07-24T13:14:45.662Z","37a27880-85d7-4a68-8750-a21c0369cf5c","2026-06-05T15:09:42.263Z"
"8e5b4669-3e8c-4606-a2b3-e039fa5a341c","true","addressHere","ALL","https://hl7.org/fhir/ValueSet/endpoint-connection-type","BARS","0","","b36fee77-fe18-4ada-9f19-e2ebfcec7e08","","64dad273-6f12-4b31-8e7d-1541edaf45fc","2025-07-24T13:14:45.682Z","7adf4fb8-da26-4e3e-b68e-3daecb61e7c5","Pharmoutcomes","ygm06","2000163538","2025-07-24T13:14:45.682Z","37a27880-85d7-4a68-8750-a21c0369cf5c","2026-05-01T15:15:15.732Z"
"f73d1c2a-879e-4432-9719-51d4fcd3ec7c","true","addressHere","ALL","https://hl7.org/fhir/ValueSet/endpoint-connection-type","BARS","0","","6bc98be7-d352-402b-b4d6-4c6df2923071","","a02d82fb-3184-449f-acba-7392ef3e2cb4","2025-07-24T13:14:45.661Z","7adf4fb8-da26-4e3e-b68e-3daecb61e7c5","Pharmoutcomes","ygm06","2000032104","2025-07-24T13:14:45.661Z","37a27880-85d7-4a68-8750-a21c0369cf5c","2026-06-01T15:54:43.833Z"
"23f5c187-6ba2-43fb-a520-9d1d5ff27493","true","addressHere","ALL","https://hl7.org/fhir/ValueSet/endpoint-connection-type","BARS","0","","85dcdea9-7582-45d7-8e72-644b63f26dc5","","22444a40-d913-4e71-a94a-3a50683a97ce","2025-07-24T13:14:45.661Z","7adf4fb8-da26-4e3e-b68e-3daecb61e7c5","Pharmoutcomes","ygm06","2000025064","2025-07-24T13:14:45.661Z","37a27880-85d7-4a68-8750-a21c0369cf5c","2026-06-01T15:53:48.258Z"
"f6cbd472-dd03-497d-9d3a-809b8e818378","true","addressHere","ALL","https://hl7.org/fhir/ValueSet/endpoint-connection-type","BARS","0","","0ba7356d-cbad-4a21-9faf-fd5308400520","","efed3825-4f62-4349-a0db-b34c9d1028fe","2026-01-05T16:23:25.255Z","7adf4fb8-da26-4e3e-b68e-3daecb61e7c5","Pharmoutcomes","ygm06","2000169205","2026-01-05T16:23:06.148Z","37a27880-85d7-4a68-8750-a21c0369cf5c","2026-02-06T16:15:31.376Z"
"550c7614-5d2b-4e65-9452-248bfa930601","true","addressHere","ALL","https://hl7.org/fhir/ValueSet/endpoint-connection-type","BARS","0","","234af33a-9108-44dd-bc44-c298970808db","","7c66f3ea-d357-47f9-9b4b-aaeb52f045b4","2025-07-24T13:14:45.671Z","7adf4fb8-da26-4e3e-b68e-3daecb61e7c5","Pharmoutcomes","ygm06","2000068758","2025-07-24T13:14:45.671Z","37a27880-85d7-4a68-8750-a21c0369cf5c","2026-02-11T16:06:55.524Z"
"1b9a47d7-3c66-47fb-8e11-cc9b5c85cda9","true","addressHere","ALL","https://hl7.org/fhir/ValueSet/endpoint-connection-type","BARS","0","","b9420182-7d0c-45d3-bd62-f65d305ecbb6","","7e2807b9-904f-4305-908d-dba992ca732b","2025-07-24T13:14:45.676Z","7adf4fb8-da26-4e3e-b68e-3daecb61e7c5","Pharmoutcomes","ygm06","2000040700","2025-07-24T13:14:45.676Z","37a27880-85d7-4a68-8750-a21c0369cf5c","2026-06-01T15:57:50.402Z"
"a217d4c9-6992-43a2-9244-15bb9a9fc69a","true","addressHere","ALL","https://hl7.org/fhir/ValueSet/endpoint-connection-type","BARS","0","","c48a751c-ec98-4cbf-a070-3c292a37242a","","b0de4d9d-62ce-4bf9-bebe-f5400930fef1","2025-07-24T13:14:45.671Z","7adf4fb8-da26-4e3e-b68e-3daecb61e7c5","Pharmoutcomes","ygm06","2000081818","2025-07-24T13:14:45.671Z","37a27880-85d7-4a68-8750-a21c0369cf5c","2026-01-05T16:23:16.055Z"
"3b348f1c-5e3d-4321-84d7-c5e64acb3daa","true","https://bars-prod-ygm04.cegedim.thirdparty.nhs.uk/FHIR/R4/","ALL","https://hl7.org/fhir/ValueSet/endpoint-connection-type","BARS","0","2026-02-27T16:13:19.930Z","1487326b-c884-400e-b74d-fad246857385","{""ManagingOrganisationId"":{""S"":""2f594ac5-6bc8-4241-af41-ae0f92b88949""},""SearchField"":{""S"":""cegedim https://bars-prod-ygm04.cegedim.thirdparty.nhs.uk/fhir/r4/  26a1070e-c4d3-4ad3-887d-e63635497bd5 ygm04 ""},""Address"":{""S"":""https://bars-prod-ygm04.cegedim.thirdparty.nhs.uk/FHIR/R4/""},""ConnectionType"":{""S"":""BARS""},""ConnectionSystem"":{""S"":""https://hl7.org/fhir/ValueSet/endpoint-connection-type""},""ProductId"":{""S"":""ygm04""},""LastUpdated"":{""S"":""2025-07-24T13:07:11.923Z""},""DataStatus"":{""N"":""0""},""DerivedEndpoints"":{""L"":[]},""IsPrivate"":{""BOOL"":false},""TemplateId"":{""S"":""26a1070e-c4d3-4ad3-887d-e63635497bd5""},""Name"":{""S"":""Cegedim""}}","2f9ef7b2-a50e-40e6-b1d4-cdcbb2755009","2026-02-27T16:13:20.652Z","2f594ac5-6bc8-4241-af41-ae0f92b88949","Cegedim","ygm04","2000068127","2026-01-21T16:14:48.710Z","26a1070e-c4d3-4ad3-887d-e63635497bd5","2026-03-27T16:04:47.169Z"
"79a3a300-f713-4ecc-b538-3fc0b331d79b","true","addressHere","ALL","https://hl7.org/fhir/ValueSet/endpoint-connection-type","BARS","0","","2d5a2902-8a1a-45fa-b4ec-0877fe1259dc","","9934b84a-4907-43f4-9325-732224e1535f","2025-07-24T13:14:45.677Z","7adf4fb8-da26-4e3e-b68e-3daecb61e7c5","Pharmoutcomes","ygm06","2000020511","","37a27880-85d7-4a68-8750-a21c0369cf5c","2025-07-25T12:05:25.965Z"
"b7ffb6b0-c2a0-45fb-9e1d-b5e21abd26ed","true","addressHere","ALL","https://hl7.org/fhir/ValueSet/endpoint-connection-type","BARS","0","","bf207935-1fb9-4b56-8820-c31ac10471a1","","cc612fe2-aa43-4543-945e-03a572ab5c2e","2025-07-24T13:14:45.676Z","7adf4fb8-da26-4e3e-b68e-3daecb61e7c5","Pharmoutcomes","ygm06","2000153174","2025-07-24T13:14:45.676Z","37a27880-85d7-4a68-8750-a21c0369cf5c","2025-11-14T17:16:00.714Z"
"bfd6db7c-2033-4c87-93e2-2172c4e50da6","true","addressHere","ALL","https://hl7.org/fhir/ValueSet/endpoint-connection-type","BARS","0","","7936e2b9-93ad-4bb9-b687-549eca12619e","","e2550d39-85d1-4c28-8a28-7e8d916a80e2","2025-07-24T13:14:45.666Z","7adf4fb8-da26-4e3e-b68e-3daecb61e7c5","Pharmoutcomes","ygm06","2000033172","2025-07-24T13:14:45.666Z","37a27880-85d7-4a68-8750-a21c0369cf5c","2025-11-11T16:10:30.429Z"
"ba513477-7a59-4400-a75d-a5be5a21b9a4","true","addressHere","ALL","https://hl7.org/fhir/ValueSet/endpoint-connection-type","BARS","0","","d7e4ed7c-c6df-49c2-9ba3-9e54afcc09d9","","3bdf7b5d-980e-4df6-a295-bee1d9f835ad","2025-07-24T13:14:45.661Z","7adf4fb8-da26-4e3e-b68e-3daecb61e7c5","Pharmoutcomes","ygm06","2000025744","2025-07-24T13:14:45.661Z","37a27880-85d7-4a68-8750-a21c0369cf5c","2026-06-01T15:56:11.753Z"